{"IcoMoonType":"selection","icons":[{"icon":{"paths":["M927.936 272.992l-68.288-68.288c-12.608-12.576-32.96-12.576-45.536 0l-409.44 409.44-194.752-196.16c-12.576-12.576-32.928-12.576-45.536 0l-68.288 68.288c-12.576 12.608-12.576 32.96 0 45.536l285.568 287.488c12.576 12.576 32.96 12.576 45.536 0l500.736-500.768c12.576-12.544 12.576-32.96 0-45.536z"],"attrs":[{}],"isMulticolor":false,"isMulticolor2":false,"tags":["checkmark","tick","approve","submit"],"grid":32},"attrs":[{}],"properties":{"order":13,"id":1,"prevSize":32,"code":59648,"name":"checkmark"},"setIdx":0,"setId":7,"iconIdx":0}],"height":1024,"metadata":{"name":"icomoon"},"preferences":{"showGlyphs":true,"showQuickUse":true,"showQuickUse2":true,"showSVGs":true,"fontPref":{"prefix":"icon-","metadata":{"fontFamily":"icomoon","majorVersion":1,"minorVersion":0},"metrics":{"emSize":1024,"baseline":6.25,"whitespace":50},"embed":false},"imagePref":{"prefix":"icon-","png":true,"useClassSelector":true,"color":0,"bgColor":16777215,"classSelector":".icon"},"historySize":50,"showCodes":true,"gridSize":16}}